exp_id	cmap_score	p	q	subset_comparison_id	analysis_id	name	concentration	duration	cell_line	array_platform	vehicle	vendor	vendor_catalog_id	vendor_catalog_name	drug_concept_id	cas_number	DrugBank.ID	valid	mycolor
2138	-0.273105203648008	0	0	preeclampsia_vs_PretermControls	cmap	lansoprazole	1.08e-05	6	HL60	HT_HG-U133A	DMSO	Prestwick Chemical	1072	Lansoprazole [103577-45-3]	MMS_95	103577-45-3	DB00448	1	red
1268	-0.252918045665349	0	0	preeclampsia_vs_PretermControls	cmap	methotrexate	8.8e-06	6	HL60	HG-U133A	DMSO	Prestwick Chemical	135	Methotrexate [59-05-2]	C0025677	59-05-2	DB00563	1	red
2298	-0.247929639024429	0	0	preeclampsia_vs_PretermControls	cmap	halofantrine	7.4e-06	6	HL60	HT_HG-U133A	DMSO	Prestwick Chemical	1031	Halofantrine hydrochloride [36167-63-2]	C0148859	36167-63-2	DB01218	1	red
1749	-0.22756723932992	0	0	preeclampsia_vs_PretermControls	cmap	streptozocin	1.5e-05	6	HL60	HT_HG-U133A	DMSO	Prestwick Chemical	732	Streptozotocin [18883-66-4]	C0038432	18883-66-4	DB00428	1	red
2150	-0.227550555557212	0	0	preeclampsia_vs_PretermControls	cmap	levopropoxyphene	7.4e-06	6	HL60	HT_HG-U133A	DMSO	Prestwick Chemical	1054	Levopropoxyphene napsylate [5714-90-9]	C1321938	5714-90-9	DB06793	1	red
577	-0.226638702510862	0	0	preeclampsia_vs_PretermControls	cmap	domperidone	7.4e-06	6	HL60	HT_HG-U133A	DMSO	Prestwick Chemical	461	Domperidone maleate	C0771334	NULL	DB01184	1	red
491	-0.219633836313891	0	0	preeclampsia_vs_PretermControls	cmap	fulvestrant	1e-08	6	HL60	HT_HG-U133A	DMSO	Tocris	1047	ICI 182,780	C0935916	NULL	DB00947	1	red
497	-0.206810887325003	0	0	preeclampsia_vs_PretermControls	cmap	haloperidol	1e-05	6	HL60	HT_HG-U133A	DMSO	Sigma-Aldrich	H1512	haloperidol	C0720809	NULL	DB00502	1	red
1094	-0.206697205836522	0	0	preeclampsia_vs_PretermControls	cmap	metformin	2.42e-05	6	HL60	HT_HG-U133A	DMSO	Prestwick Chemical	4	Metformin hydrochloride [1115-70-4]	C0025598	1115-70-4	DB00331	1	red
4864	-0.200875521336848	0	0	preeclampsia_vs_PretermControls	cmap	estradiol	1e-08	6	HL60	HT_HG-U133A	DMSO	Sigma-Aldrich	E1024	estradiol, USP	C1330622	NULL	DB00783	1	red
495	-0.199692877825767	0	0	preeclampsia_vs_PretermControls	cmap	sirolimus	1e-07	6	HL60	HT_HG-U133A	DMSO	Sigma-Aldrich	R0395	Rapamycin	C0072980	NULL	DB00877	1	red
1593	-0.196233872215052	0	0	preeclampsia_vs_PretermControls	cmap	fludrocortisone	9.4e-06	6	HL60	HT_HG-U133A	DMSO	Prestwick Chemical	281	Fludrocortisone acetate [514-36-3]	C0616274	514-36-3	DB00687	1	red
1104	-0.195124711821981	0	0	preeclampsia_vs_PretermControls	cmap	dapsone	1.62e-05	6	HL60	HT_HG-U133A	DMSO	Prestwick Chemical	35	Dapsone [80-08-0]	C0010980	80-08-0	DB00250	1	red
1864	-0.193425782133609	1e-05	0.000204697986577181	preeclampsia_vs_PretermControls	cmap	rosiglitazone	1e-05	6	HL60	HT_HG-U133A	DMSO	LKT Laboratories	R5772	rosiglitazone	C0289313	NULL	DB00412	1	red
1272	-0.189139542909339	1e-05	0.000204697986577181	preeclampsia_vs_PretermControls	cmap	guanabenz	1.38e-05	6	HL60	HG-U133A	DMSO	Prestwick Chemical	96	Guanabenz acetate [23256-50-0]	C0733381	23256-50-0	DB00629	1	red
1673	-0.187491740911525	2e-05	0.000301980198019802	preeclampsia_vs_PretermControls	cmap	cefotiam	7.2e-06	6	HL60	HT_HG-U133A	DMSO	Prestwick Chemical	482	Cefotiam hydrochloride	C0007556	NULL	DB00229	1	red
2499	-0.185606764388036	2e-05	0.000301980198019802	preeclampsia_vs_PretermControls	cmap	azacitidine	1.64e-05	6	MCF7	HT_HG-U133A	DMSO	Prestwick Chemical	866	Azacytidine-5 [320-67-2]	C0004475	320-67-2	DB00928	1	red
3143	-0.184987477648712	2e-05	0.000301980198019802	preeclampsia_vs_PretermControls	cmap	mycophenolic acid	1.24e-05	6	MCF7	HT_HG-U133A	DMSO	Prestwick Chemical	556	Mycophenolic acid [24280-93-1]	C0026933	24280-93-1	DB01024	1	red
2188	-0.184936060165576	2e-05	0.000301980198019802	preeclampsia_vs_PretermControls	cmap	nadolol	1.3e-05	6	HL60	HT_HG-U133A	DMSO	Prestwick Chemical	818	Nadolol [42200-33-9]	C0027302	42200-33-9	DB01203	1	red
565	-0.184243580100821	2e-05	0.000301980198019802	preeclampsia_vs_PretermControls	cmap	clozapine	1.22e-05	6	HL60	HT_HG-U133A	DMSO	Prestwick Chemical	350	Clozapine [5786-21-0]	C0009079	5786-21-0	DB00363	1	red
2965	-0.182000999536001	2e-05	0.000301980198019802	preeclampsia_vs_PretermControls	cmap	camptothecin	1.14e-05	6	MCF7	HT_HG-U133A	DMSO	Prestwick Chemical	200	Camptothecine (S,+) [7689-03-4]	NULL	7689-03-4	DB04690	1	red
1675	-0.180232768022532	2e-05	0.000301980198019802	preeclampsia_vs_PretermControls	cmap	biperiden	1.14e-05	6	HL60	HT_HG-U133A	DMSO	Prestwick Chemical	502	Biperiden hydrochloride [1235-82-1]	C0304411	1235-82-1	DB00810	1	red
2442	-0.178758924369436	3e-05	0.000434679334916865	preeclampsia_vs_PretermControls	cmap	doxorubicin	6.8e-06	6	MCF7	HT_HG-U133A	DMSO	Prestwick Chemical	438	Doxorubicin hydrochloride [25316-40-9]	C1445757	25316-40-9	DB00997	1	red
1229	-0.175439474584528	4e-05	0.000512605042016807	preeclampsia_vs_PretermControls	cmap	trimethobenzamide	9.4e-06	6	HL60	HG-U133A	DMSO	Prestwick Chemical	80	Trimethobenzamide hydrochloride [554-92-7]	C0145932	554-92-7	DB00662	1	red
1107	-0.171229906196626	7e-05	0.000807183364839319	preeclampsia_vs_PretermControls	cmap	diphenhydramine	1.38e-05	6	HL60	HT_HG-U133A	DMSO	Prestwick Chemical	65	Diphenhydramine hydrochloride [147-24-0]	C1178484	147-24-0	DB01075	1	red
523	-0.170802048154584	7e-05	0.000807183364839319	preeclampsia_vs_PretermControls	cmap	geldanamycin	1e-06	6	PC3	HT_HG-U133A	DMSO	MP Biomedicals	195994	geldanamycin	EXPT01571	NULL	DB02424	1	red
60	-0.170484890877363	7e-05	0.000807183364839319	preeclampsia_vs_PretermControls	cmap	staurosporine	1e-06	6	MCF7	HG-U133A	DMSO	Calbiochem	569397	staurosporine	EXPT02970	NULL	DB02010	1	red
1394	-0.168026580437643	9e-05	0.000968253968253968	preeclampsia_vs_PretermControls	cmap	benzocaine	2.42e-05	6	HL60	HT_HG-U133A	DMSO	Prestwick Chemical	712	Benzocaine [94-09-7]	C0005059	94-09-7	DB01086	1	red
2191	-0.167753471632287	9e-05	0.000968253968253968	preeclampsia_vs_PretermControls	cmap	iodixanol	2.6e-06	6	HL60	HT_HG-U133A	DMSO	Prestwick Chemical	848	Iodixanol [92339-11-2]	C0063757	92339-11-2	DB01249	1	red
5610	-0.166641289116616	0.00012	0.00124914675767918	preeclampsia_vs_PretermControls	cmap	lomustine	1e-04	6	MCF7	HT_HG-U133A	DMSO	Sigma-Aldrich	L5918	lomustine	C0023972	NULL	DB01206	1	red
5616	-0.166177248401256	0.00012	0.00124914675767918	preeclampsia_vs_PretermControls	cmap	alsterpaullone	1e-05	6	MCF7	HT_HG-U133A	DMSO	Calbiochem	126870	Alsterpaullone	EXPT00590	NULL	DB04014	1	red
2313	-0.162031724173106	0.00022	0.00206779661016949	preeclampsia_vs_PretermControls	cmap	isometheptene	8.2e-06	6	HL60	HT_HG-U133A	DMSO	Prestwick Chemical	1023	Isometheptene mucate	C0355634	NULL	DB06706	1	red
258	-0.160657403571106	0.00025	0.00222627737226277	preeclampsia_vs_PretermControls	cmap	resveratrol	5e-05	6	PC3	HG-U133A	DMSO	Sigma-Aldrich	R5010	resveratrol	EXPT02968	NULL	DB02709	1	red
1716	-0.158984927805217	0.00032	0.00280057388809182	preeclampsia_vs_PretermControls	cmap	tenoxicam	1.18e-05	6	HL60	HT_HG-U133A	DMSO	Prestwick Chemical	527	Tenoxicam [59804-37-4]	C0076096	59804-37-4	DB00469	1	red
2383	-0.157266457817296	0.00036	0.00302063273727648	preeclampsia_vs_PretermControls	cmap	mitoxantrone	7.8e-06	6	MCF7	HT_HG-U133A	DMSO	Prestwick Chemical	385	Mitoxantrone dihydrochloride [70476-82-3]	C0700458	70476-82-3	DB01204	1	red
1783	-0.156317718315653	0.00041	0.00338430311231394	preeclampsia_vs_PretermControls	cmap	thiamazole	3.5e-05	6	HL60	HT_HG-U133A	DMSO	Prestwick Chemical	786	Methimazole [60-56-0]	NULL	60-56-0	DB00763	1	red
1790	-0.15604717624456	0.00044	0.0036221322537112	preeclampsia_vs_PretermControls	cmap	sulfadimethoxine	1.28e-05	6	HL60	HT_HG-U133A	DMSO	Prestwick Chemical	728	Sulfadimethoxine [122-11-2]	C0038676	122-11-2	DB06150	1	red
429	-0.154892228624154	0.00051	0.00406666666666667	preeclampsia_vs_PretermControls	cmap	genistein	1e-05	6	MCF7	HT_HG-U133A_EA	DMSO	Calbiochem	345834	genistein	NULL	NULL	DB01645	1	red
3865	-0.153769944767191	0.00058	0.00446717171717172	preeclampsia_vs_PretermControls	cmap	daunorubicin	7e-06	6	MCF7	HT_HG-U133A	DMSO	Prestwick Chemical	487	Daunorubicin hydrochloride [23541-50-6]	C0724567	23541-50-6	DB00694	1	red
5377	-0.150405659930562	0.00085	0.00604312354312354	preeclampsia_vs_PretermControls	cmap	canrenoic acid	1e-05	6	MCF7	HT_HG-U133A	DMSO	Prestwick Chemical	148	Canrenoic acid potassium salt [2181-04-6]	C0282085	2181-04-6	DB09015	1	red
5810	-0.149553669751053	0.00091	0.00626523702031603	preeclampsia_vs_PretermControls	cmap	isoxicam	1.2e-05	6	PC3	HT_HG-U133A	DMSO	Prestwick Chemical	44	Isoxicam [34552-84-6]	NULL	34552-84-6	DB08942	1	red
3205	-0.146457318852315	0.00127	0.0082855614973262	preeclampsia_vs_PretermControls	cmap	molindone	1.28e-05	6	PC3	HT_HG-U133A	DMSO	Prestwick Chemical	1035	Molindone hydrochloride [15622-65-8]	C0026388	15622-65-8	DB01618	1	red
3778	-0.146272596783269	0.00133	0.00863085106382979	preeclampsia_vs_PretermControls	cmap	zalcitabine	1.9e-05	6	MCF7	HT_HG-U133A	DMSO	Prestwick Chemical	1037	Zalcitabine [7481-89-2]	C0012132	7481-89-2	DB00943	1	red
6076	-0.140572873560021	0.00244	0.0138455813953488	preeclampsia_vs_PretermControls	cmap	irinotecan	1e-04	6	PC3	HT_HG-U133A	DMSO	Sigma-Aldrich	I1406	irinotecan HCl	C0594375	NULL	DB00762	1	red
919	-0.139452038665947	0.00275	0.0150718778077269	preeclampsia_vs_PretermControls	cmap	moxisylyte	1.26e-05	6	MCF7	HT_HG-U133A	DMSO	Prestwick Chemical	42	Moxisylyte hydrochoride [964-52-3]	C0040108	964-52-3	DB09205	1	red
5472	-0.136377091019047	0.0037	0.0187770382695507	preeclampsia_vs_PretermControls	cmap	pioglitazone	1e-05	6	MCF7	HT_HG-U133A	DMSO	LKT Laboratories	P6594	pioglitazone HCl	C0872972	NULL	DB01132	1	red
3147	-0.136154074930756	0.00383	0.0193242349048801	preeclampsia_vs_PretermControls	cmap	metronidazole	2.34e-05	6	MCF7	HT_HG-U133A	DMSO	Prestwick Chemical	81	Metronidazole [443-48-1]	C0353490	443-48-1	DB00916	1	red
2760	-0.135043258580096	0.00435	0.0212575757575758	preeclampsia_vs_PretermControls	cmap	metaraminol	8.6e-06	6	PC3	HT_HG-U133A	DMSO	Prestwick Chemical	197	Metaraminol bitartrate [33402-03-8]	C0025575	33402-03-8	DB00610	1	red
2688	-0.134913307308304	0.00437	0.0212575757575758	preeclampsia_vs_PretermControls	cmap	verteporfin	2.8e-06	6	MCF7	HT_HG-U133A	DMSO	Prestwick Chemical	1105	Verteporfin [129497-78-5]	C0387288	129497-78-5	DB00460	1	red
3556	-0.134139229933354	0.00467	0.0223252351097179	preeclampsia_vs_PretermControls	cmap	cyanocobalamin	3e-06	6	PC3	HT_HG-U133A	DMSO	Prestwick Chemical	433	Cyanocobalamin [68-19-9]	MMS_635	68-19-9	DB00115	1	red
5744	-0.134036229371322	0.00473	0.0225766823161189	preeclampsia_vs_PretermControls	cmap	folic acid	9e-06	6	MCF7	HT_HG-U133A	DMSO	Prestwick Chemical	627	Folic acid [59-30-3]	C0016410	59-30-3	DB00158	1	red
3365	-0.13399313307507	0.00477	0.0227498045347928	preeclampsia_vs_PretermControls	cmap	ethotoin	1.96e-05	6	MCF7	HT_HG-U133A	DMSO	Prestwick Chemical	696	Ethotoin [86-35-1]	C0015046	86-35-1	DB00754	1	red
4742	-0.133882597906009	0.00485	0.0230170807453416	preeclampsia_vs_PretermControls	cmap	finasteride	1.08e-05	6	MCF7	HT_HG-U133A	DMSO	Prestwick Chemical	717	Finasteride [98319-26-7]	C0060389	98319-26-7	DB01216	1	red
3262	-0.13385088631818	0.00486	0.0230170807453416	preeclampsia_vs_PretermControls	cmap	tocainide	1.74e-05	6	PC3	HT_HG-U133A	DMSO	Prestwick Chemical	1027	Tocainide hydrochloride	C0543471	NULL	DB01056	1	red
2798	-0.13375214984694	0.00486	0.0230170807453416	preeclampsia_vs_PretermControls	cmap	levonorgestrel	1.28e-05	6	PC3	HT_HG-U133A	DMSO	Prestwick Chemical	773	Norgestrel-(-)-D [797-63-7]	C0023566	797-63-7	DB00367	1	red
86	-0.13331791636818	0.0051	0.0239123750960799	preeclampsia_vs_PretermControls	cmap	valproic acid	5e-05	6	MCF7	HG-U133A	medium	Sigma-Aldrich	P4543	2-propylpentanoic acid	NULL	NULL	DB00313	1	red
5831	-0.131115327179133	0.00639	0.0284518248175182	preeclampsia_vs_PretermControls	cmap	phenindione	1.8e-05	6	PC3	HT_HG-U133A	DMSO	Prestwick Chemical	538	Phenindione [83-12-5]	C0031406	83-12-5	DB00498	1	red
4322	-0.128023198972246	0.00885	0.0365504400812458	preeclampsia_vs_PretermControls	cmap	tretinoin	1e-06	6	MCF7	HT_HG-U133A	DMSO	Sigma-Aldrich	R2625	retinoic acid	C0040845	NULL	DB00755	1	red
5858	-0.127782132946237	0.00902	0.0370679676985195	preeclampsia_vs_PretermControls	cmap	ribavirin	1.64e-05	6	PC3	HT_HG-U133A	DMSO	Prestwick Chemical	993	Ribavirin [36791-04-5]	C0035525	36791-04-5	DB00811	1	red
3350	-0.125556443148823	0.01106	0.043650290885585	preeclampsia_vs_PretermControls	cmap	quinethazone	1.38e-05	6	MCF7	HT_HG-U133A	DMSO	Prestwick Chemical	1050	Quinethazone [73-49-4]	C0164608	73-49-4	DB01325	1	red
2718	-0.124851543402152	0.01184	0.045914812460267	preeclampsia_vs_PretermControls	cmap	demeclocycline	8e-06	6	MCF7	HT_HG-U133A	DMSO	Prestwick Chemical	753	Demeclocycline hydrochloride [64-73-3]	C0011276	64-73-3	DB00618	1	red
2514	-0.124343909603262	0.01253	0.0480408548082967	preeclampsia_vs_PretermControls	cmap	doxazosin	7.4e-06	6	MCF7	HT_HG-U133A	DMSO	Prestwick Chemical	858	Doxazosin mesylate [77883-43-3]	C0077770	77883-43-3	DB00590	1	red
5762	-0.123892454165578	0.01302	0.0494841121495327	preeclampsia_vs_PretermControls	cmap	atropine	5.8e-06	6	MCF7	HT_HG-U133A	DMSO	Prestwick Chemical	565	Atropine sulfate monohydrate [5908-99-6]	C0004259	5908-99-6	DB00572	1	red
3875	0.123841533469718	0.01308	0.0495885643256681	preeclampsia_vs_PretermControls	cmap	estrone	1.48e-05	6	MCF7	HT_HG-U133A	DMSO	Prestwick Chemical	914	Estrone [53-16-7]	C0014942	53-16-7	DB00655	1	darkgreen
2971	0.123948549728903	0.01299	0.0494625468164794	preeclampsia_vs_PretermControls	cmap	chlorcyclizine	1.18e-05	6	MCF7	HT_HG-U133A	DMSO	Prestwick Chemical	706	(1-[(4-Chlorophenyl)phenyl-methyl]-4-methylpiperazine) [1620-21-9]	C0770863	(4-Chlorophenyl)phenyl-me	DB08936	1	darkgreen
5553	0.123989203487712	0.01293	0.049295625	preeclampsia_vs_PretermControls	cmap	trifluoperazine	1e-05	6	MCF7	HT_HG-U133A	DMSO	Sigma-Aldrich	T6062	trifluoperazine dihydrochloride	C0304381	NULL	DB00831	1	darkgreen
5707	0.124231387285094	0.01266	0.0484783427495292	preeclampsia_vs_PretermControls	cmap	albendazole	1.5e-05	6	MCF7	HT_HG-U133A	DMSO	Prestwick Chemical	247	Albendazole [54965-21-8]	C0001911	54965-21-8	DB00518	1	darkgreen
5900	0.124514431835983	0.01221	0.046991167192429	preeclampsia_vs_PretermControls	cmap	alprostadil	1.12e-05	6	MCF7	HT_HG-U133A	DMSO	Prestwick Chemical	1018	Alprostadil [745-65-3]	C0002335	745-65-3	DB00770	1	darkgreen
4136	0.124765930394803	0.01191	0.046127619047619	preeclampsia_vs_PretermControls	cmap	hesperetin	1.32e-05	6	MCF7	HT_HG-U133A	DMSO	Prestwick Chemical	124	Hesperetin [520-33-2]	APRD00117	520-33-2	DB01094	1	darkgreen
130	0.124857504849472	0.01183	0.0459052162849873	preeclampsia_vs_PretermControls	cmap	thioridazine	1e-05	6	MCF7	HG-U133A	DMSO	Sigma-Aldrich	T9025	thioridazine hydrochloride	C0039943	NULL	DB00679	1	darkgreen
3911	0.124880481261018	0.01179	0.0457791215786123	preeclampsia_vs_PretermControls	cmap	piracetam	2.82e-05	6	PC3	HT_HG-U133A	DMSO	Prestwick Chemical	537	Piracetam [7491-74-9]	C0031977	7491-74-9	DB09210	1	darkgreen
1150	0.124900104358447	0.01178	0.0457694267515924	preeclampsia_vs_PretermControls	cmap	apomorphine	6.4e-06	6	PC3	HG-U133A	DMSO	Prestwick Chemical	101	Apomorphine hydrochloride hemihydrate [41372-20-7]	C0237406	41372-20-7	DB00714	1	darkgreen
3565	0.124918030099348	0.01176	0.0457208413001912	preeclampsia_vs_PretermControls	cmap	dicycloverine	1.16e-05	6	PC3	HT_HG-U133A	DMSO	Prestwick Chemical	48	Dicyclomine hydrochloride [67-92-5]	NULL	67-92-5	DB00804	1	darkgreen
4686	0.125296126615842	0.01136	0.0445920205920206	preeclampsia_vs_PretermControls	cmap	nifedipine	1.16e-05	6	MCF7	HT_HG-U133A	DMSO	Prestwick Chemical	63	Nifedipine [21829-25-4]	C0028066	21829-25-4	DB01115	1	darkgreen
1115	0.125392172156001	0.01126	0.0442564432989691	preeclampsia_vs_PretermControls	cmap	minaprine	1.08e-05	6	PC3	HG-U133A	DMSO	Prestwick Chemical	66	Minaprine dihydrochloride [25953-17-7]	C0771667	25953-17-7	DB00805	1	darkgreen
1999	0.125526718710102	0.0111	0.0437403100775194	preeclampsia_vs_PretermControls	cmap	omeprazole	1.16e-05	6	MCF7	HT_HG-U133A	DMSO	Prestwick Chemical	493	Omeprazole [73590-58-6]	C0771765	73590-58-6	DB00338	1	darkgreen
3912	0.125587989140892	0.011	0.0434585492227979	preeclampsia_vs_PretermControls	cmap	ifenprodil	8.4e-06	6	PC3	HT_HG-U133A	DMSO	Prestwick Chemical	311	Ifenprodil tartrate [23210-58-4]	C0063340	23210-58-4	DB08954	1	darkgreen
356	0.12567372634506	0.01096	0.0433962386511025	preeclampsia_vs_PretermControls	cmap	pyrvinium	1.25e-06	6	MCF7	HT_HG-U133A_EA	DMSO	MP Biomedicals	2156475	pyrvinium pamoate	C0072804	NULL	DB06816	1	darkgreen
4487	0.12651354523629	0.01001	0.0401717105263158	preeclampsia_vs_PretermControls	cmap	fluorometholone	1.06e-05	6	PC3	HT_HG-U133A	DMSO	Prestwick Chemical	718	Fluorometholone [426-13-1]	C0016351	426-13-1	DB00324	1	darkgreen
2319	0.126618864138947	0.00992	0.0398892551087673	preeclampsia_vs_PretermControls	cmap	oxybutynin	1.02e-05	6	MCF7	HT_HG-U133A	DMSO	Prestwick Chemical	287	Oxybutynin chloride [1508-65-2]	C0069805	1508-65-2	DB01062	1	darkgreen
338	0.126623707814894	0.00992	0.0398892551087673	preeclampsia_vs_PretermControls	cmap	carbamazepine	1e-07	6	MCF7	HT_HG-U133A_EA	DMSO	Sigma-Aldrich	C4024	carbamazepine	C0006949	NULL	DB00564	1	darkgreen
882	0.126702407199309	0.00986	0.039752808988764	preeclampsia_vs_PretermControls	cmap	vorinostat	1e-05	6	MCF7	HT_HG-U133A	DMSO	BioVision	1604-1	SAHA	MMS_422	NULL	DB02546	1	darkgreen
3592	0.126749312198016	0.00982	0.0396177248677249	preeclampsia_vs_PretermControls	cmap	betaxolol	1.16e-05	6	PC3	HT_HG-U133A	DMSO	Prestwick Chemical	382	Betaxolol hydrochloride [63659-19-8]	C0543470	63659-19-8	DB00195	1	darkgreen
4980	0.127126373741017	0.00956	0.0387739361702128	preeclampsia_vs_PretermControls	cmap	hexetidine	1.18e-05	6	PC3	HT_HG-U133A	DMSO	Prestwick Chemical	551	Hexetidine [141-94-6]	C0019468	141-94-6	DB08958	1	darkgreen
4869	0.127251025948524	0.00946	0.0384450366422385	preeclampsia_vs_PretermControls	cmap	mefloquine	9.6e-06	6	MCF7	HT_HG-U133A	DMSO	Prestwick Chemical	126	Mefloquine hydrochloride [51773-92-3]	C0282398	51773-92-3	DB00358	1	darkgreen
5256	0.127297144367376	0.00938	0.0381707805203469	preeclampsia_vs_PretermControls	cmap	fluspirilene	8.4e-06	6	PC3	HT_HG-U133A	DMSO	Prestwick Chemical	906	Fluspirilen [1841-19-6]	C0016383	1841-19-6	DB04842	1	darkgreen
3493	0.127364459043367	0.00932	0.0379519359145527	preeclampsia_vs_PretermControls	cmap	acepromazine	9e-06	6	PC3	HT_HG-U133A	DMSO	Prestwick Chemical	576	Acetopromazine maleate salt [3598-37-6]	C0000959	3598-37-6	DB01614	1	darkgreen
2973	0.127393396902233	0.00931	0.037936539746159	preeclampsia_vs_PretermControls	cmap	diethylstilbestrol	1.5e-05	6	MCF7	HT_HG-U133A	DMSO	Prestwick Chemical	756	Diethylstilbestrol [56-53-1]	C0060692	56-53-1	DB00255	1	darkgreen
3306	0.127503766475536	0.00918	0.0375573440643863	preeclampsia_vs_PretermControls	cmap	flunisolide	9.2e-06	6	PC3	HT_HG-U133A	DMSO	Prestwick Chemical	643	Flunisolide [3385-03-3]	C0060501	3385-03-3	DB00180	1	darkgreen
5604	0.127855698862125	0.00898	0.0369871708305199	preeclampsia_vs_PretermControls	cmap	disopyramide	1.18e-05	6	MCF7	HT_HG-U133A	DMSO	Prestwick Chemical	266	Disopyramide [3737-09-5]	C0012702	3737-09-5	DB00280	1	darkgreen
3600	0.128636896854707	0.00835	0.0351761049723757	preeclampsia_vs_PretermControls	cmap	bisacodyl	1.1e-05	6	PC3	HT_HG-U133A	DMSO	Prestwick Chemical	419	Bisacodyl [603-50-9]	C0005632	603-50-9	DB09020	1	darkgreen
4592	0.128691791848781	0.00832	0.035122491349481	preeclampsia_vs_PretermControls	cmap	fluphenazine	7.8e-06	6	PC3	HT_HG-U133A	DMSO	Prestwick Chemical	320	Fluphenazine dihydrochloride [146-56-5]	C0700567	146-56-5	DB00623	1	darkgreen
4126	0.128705122307372	0.0083	0.0350623268698061	preeclampsia_vs_PretermControls	cmap	cyproheptadine	1.24e-05	6	MCF7	HT_HG-U133A	DMSO	Prestwick Chemical	103	Cyproheptadine hydrochloride [969-33-5]	C0771807	969-33-5	DB00434	1	darkgreen
3908	0.128932568082212	0.00811	0.0344505571030641	preeclampsia_vs_PretermControls	cmap	ouabain	5.4e-06	6	MCF7	HT_HG-U133A	DMSO	Prestwick Chemical	471	Strophantine octahydrate [11018-89-6]	C0029904	11018-89-6	DB01092	1	darkgreen
4253	0.129470174713461	0.00768	0.0329648629655657	preeclampsia_vs_PretermControls	cmap	diethylcarbamazine	1.02e-05	6	MCF7	HT_HG-U133A	DMSO	Prestwick Chemical	284	Diethylcarbamazine citrate [1642-54-2]	C0012191	1642-54-2	DB00711	1	darkgreen
5764	0.129473238235001	0.00768	0.0329648629655657	preeclampsia_vs_PretermControls	cmap	neomycin	4.2e-06	6	MCF7	HT_HG-U133A	DMSO	Prestwick Chemical	158	Neomycin sulfate [1405-10-3]	C0770899	1405-10-3	DB00994	1	darkgreen
5754	0.129515630749278	0.00764	0.0328660084626234	preeclampsia_vs_PretermControls	cmap	isoconazole	9.6e-06	6	MCF7	HT_HG-U133A	DMSO	Prestwick Chemical	127	Isoconazole [27523-40-6]	C0700489	27523-40-6	DB08943	1	darkgreen
1601	0.129855847235925	0.00734	0.031777146912704	preeclampsia_vs_PretermControls	cmap	triprolidine	1.28e-05	6	HL60	HT_HG-U133A	DMSO	Prestwick Chemical	262	Triprolidine hydrochloride [550-70-9]	C0242525	550-70-9	DB00427	1	darkgreen
5719	0.129996562232045	0.00724	0.0314110953058322	preeclampsia_vs_PretermControls	cmap	trifluridine	1.36e-05	6	MCF7	HT_HG-U133A	DMSO	Prestwick Chemical	1056	Trifluridine [70-00-8]	C0040987	70-00-8	DB00432	1	darkgreen
4257	0.130277950825346	0.00703	0.0307184813753582	preeclampsia_vs_PretermControls	cmap	prenylamine	9.6e-06	6	MCF7	HT_HG-U133A	DMSO	Prestwick Chemical	560	Prenylamine lactate [69-43-2]	C0033059	69-43-2	DB04825	1	darkgreen
5119	0.13031769380748	0.00696	0.0304781048097631	preeclampsia_vs_PretermControls	cmap	proxymetacaine	1.2e-05	6	MCF7	HT_HG-U133A	DMSO	Prestwick Chemical	959	Proparacaine hydrochloride [5875-06-9]	NULL	5875-06-9	DB00807	1	darkgreen
2473	0.130551804811617	0.0068	0.0299494584837545	preeclampsia_vs_PretermControls	cmap	iohexol	4.8e-06	6	MCF7	HT_HG-U133A	DMSO	Prestwick Chemical	512	Iohexol [66108-95-0]	C0022005	66108-95-0	DB01362	1	darkgreen
5266	0.13121447763977	0.00634	0.0284158706833211	preeclampsia_vs_PretermControls	cmap	metixene	1.16e-05	6	PC3	HT_HG-U133A	DMSO	Prestwick Chemical	491	Metixene hydrochloride [1553-34-0]	APRD01101	1553-34-0	DB00340	1	darkgreen
1933	0.131483405152214	0.00617	0.0278174427198817	preeclampsia_vs_PretermControls	cmap	ipratropium bromide	9.8e-06	6	MCF7	HT_HG-U133A	DMSO	Prestwick Chemical	575	Ipratropium bromide [22254-24-6]	C0700580	22254-24-6	DB00332	1	darkgreen
1639	0.131878351037176	0.0059	0.0268782673637043	preeclampsia_vs_PretermControls	cmap	meclozine	8.6e-06	6	HL60	HT_HG-U133A	DMSO	Prestwick Chemical	457	Meclozine dihydrochloride [1104-22-9]	NULL	1104-22-9	DB00737	1	darkgreen
2684	0.131929271733036	0.00586	0.0267559880239521	preeclampsia_vs_PretermControls	cmap	milrinone	1.9e-05	6	MCF7	HT_HG-U133A	DMSO	Prestwick Chemical	1065	Milrinone [78415-72-2]	C0600487	78415-72-2	DB00235	1	darkgreen
6002	0.132197454064565	0.0057	0.0261232156273479	preeclampsia_vs_PretermControls	cmap	acetazolamide	1.8e-05	6	MCF7	HT_HG-U133A	DMSO	Prestwick Chemical	3	Acetazolamide [59-66-5]	C0000981	59-66-5	DB00819	1	darkgreen
3644	0.132341108385405	0.00563	0.0258606927710843	preeclampsia_vs_PretermControls	cmap	guanfacine	1.42e-05	6	PC3	HT_HG-U133A	DMSO	Prestwick Chemical	339	Guanfacine hydrochloride [29110-48-3]	C0700472	29110-48-3	DB01018	1	darkgreen
5760	0.132433345223109	0.00559	0.0257739984882842	preeclampsia_vs_PretermControls	cmap	nomifensine	1.12e-05	6	MCF7	HT_HG-U133A	DMSO	Prestwick Chemical	108	Nomifensine maleate [32795-47-4]	C0028277	32795-47-4	DB04821	1	darkgreen
5766	0.133810729346649	0.00486	0.0230170807453416	preeclampsia_vs_PretermControls	cmap	mepyramine	1e-05	6	MCF7	HT_HG-U133A	DMSO	Prestwick Chemical	289	Pyrilamine maleate [59-33-6]	NULL	59-33-6	DB06691	1	darkgreen
5374	0.134500394283502	0.00456	0.0219369085173502	preeclampsia_vs_PretermControls	cmap	pimozide	8.6e-06	6	MCF7	HT_HG-U133A	DMSO	Prestwick Chemical	308	Pimozide [2062-78-4]	C0031935	2062-78-4	DB01100	1	darkgreen
3163	0.13455756621926	0.00452	0.0218478605388273	preeclampsia_vs_PretermControls	cmap	propylthiouracil	2.34e-05	6	MCF7	HT_HG-U133A	DMSO	Prestwick Chemical	494	Propylthiouracil [51-52-5]	C0033511	51-52-5	DB00550	1	darkgreen
3880	0.134703373284966	0.00447	0.0216576648133439	preeclampsia_vs_PretermControls	cmap	sulconazole	8.6e-06	6	MCF7	HT_HG-U133A	DMSO	Prestwick Chemical	810	Sulconazole nitrate [61318-91-0]	C0144004	61318-91-0	DB06820	1	darkgreen
2461	0.134784929196221	0.00442	0.0214494828957836	preeclampsia_vs_PretermControls	cmap	puromycin	7.4e-06	6	MCF7	HT_HG-U133A	DMSO	Prestwick Chemical	480	Puromycin dihydrochloride [58-58-2]	NULL	58-58-2	DB08437	1	darkgreen
5905	0.134842515121377	0.00439	0.0213208598726115	preeclampsia_vs_PretermControls	cmap	griseofulvin	1.12e-05	6	PC3	HT_HG-U133A	DMSO	Prestwick Chemical	226	Griseofulvin [126-07-8]	C0720718	126-07-8	DB00400	1	darkgreen
1804	0.134848435169757	0.00438	0.0212892430278884	preeclampsia_vs_PretermControls	cmap	bepridil	1e-05	6	MCF7	HT_HG-U133A	DMSO	Prestwick Chemical	368	Bepridil hydrochloride [74764-40-2]	C0005116	74764-40-2	DB01244	1	darkgreen
411	0.135329946237681	0.00425	0.0210089141004862	preeclampsia_vs_PretermControls	cmap	prochlorperazine	1e-05	6	MCF7	HT_HG-U133A_EA	DMSO	Sigma-Aldrich	P9178	prochlorperazine dimaleate salt	C0770888	NULL	DB00433	1	darkgreen
4871	0.13534356648885	0.00425	0.0210089141004862	preeclampsia_vs_PretermControls	cmap	clotrimazole	1.16e-05	6	MCF7	HT_HG-U133A	DMSO	Prestwick Chemical	267	Clotrimazole [23593-75-1]	C0009074	23593-75-1	DB00257	1	darkgreen
4999	0.135403346557811	0.00419	0.0207965825874695	preeclampsia_vs_PretermControls	cmap	protriptyline	1.34e-05	6	PC3	HT_HG-U133A	DMSO	Prestwick Chemical	930	Protriptyline hydrochloride [1225-55-4]	C0700557	1225-55-4	DB00344	1	darkgreen
2721	0.135637498960887	0.00405	0.0201838235294118	preeclampsia_vs_PretermControls	cmap	cloperastine	1.1e-05	6	MCF7	HT_HG-U133A	DMSO	Prestwick Chemical	793	Cloperastine hydrochloride [14984-68-0]	MMS_608	14984-68-0	DB09002	1	darkgreen
5751	0.135751097651488	0.00403	0.0201665299425759	preeclampsia_vs_PretermControls	cmap	corbadrine	2.18e-05	6	MCF7	HT_HG-U133A	DMSO	Prestwick Chemical	739	Levonordefrin [829-74-3]	NULL	829-74-3	DB06707	1	darkgreen
5240	0.135773370281059	0.00402	0.0201330049261084	preeclampsia_vs_PretermControls	cmap	progesterone	1.28e-05	6	PC3	HT_HG-U133A	DMSO	Prestwick Chemical	477	Progesterone [57-83-0]	C0873071	57-83-0	DB00396	1	darkgreen
2193	0.13601725143497	0.00389	0.0195783828382838	preeclampsia_vs_PretermControls	cmap	paracetamol	2.64e-05	6	HL60	HT_HG-U133A	DMSO	Prestwick Chemical	868	Acetaminophen [103-90-2]	NULL	103-90-2	DB00316	1	darkgreen
5800	0.136297646453717	0.00377	0.0190688225538972	preeclampsia_vs_PretermControls	cmap	aminocaproic acid	3.04e-05	6	PC3	HT_HG-U133A	DMSO	Prestwick Chemical	960	Aminocaproic acid [60-32-2]	APRD00791	60-32-2	DB00513	1	darkgreen
3878	0.136377008221167	0.0037	0.0187770382695507	preeclampsia_vs_PretermControls	cmap	amoxapine	1.28e-05	6	MCF7	HT_HG-U133A	DMSO	Prestwick Chemical	102	Amoxapine [14028-44-5]	C0002644	14028-44-5	DB00543	1	darkgreen
1175	0.136513376328616	0.00364	0.0185963149078727	preeclampsia_vs_PretermControls	cmap	diltiazem	8.8e-06	6	PC3	HG-U133A	DMSO	Prestwick Chemical	134	Diltiazem hydrochloride [33286-22-5]	C0700579	33286-22-5	DB00343	1	darkgreen
1278	0.136731051953682	0.00355	0.0182434709351306	preeclampsia_vs_PretermControls	cmap	ivermectin	4.6e-06	6	PC3	HT_HG-U133A	DMSO	Prestwick Chemical	156	Ivermectin [70288-86-7]	C0022322	70288-86-7	DB00602	1	darkgreen
3285	0.136943345716584	0.00347	0.0179533502968618	preeclampsia_vs_PretermControls	cmap	tropicamide	1.4e-05	6	PC3	HT_HG-U133A	DMSO	Prestwick Chemical	228	Tropicamide [1508-75-4]	C0041190	1508-75-4	DB00809	1	darkgreen
2446	0.137226307469594	0.00337	0.0176001712328767	preeclampsia_vs_PretermControls	cmap	felodipine	1.04e-05	6	MCF7	HT_HG-U133A	DMSO	Prestwick Chemical	478	Felodipine [72509-76-3]	C0015772	72509-76-3	DB01023	1	darkgreen
3421	0.137387307946179	0.00331	0.017331330472103	preeclampsia_vs_PretermControls	cmap	naringenin	1.46e-05	6	MCF7	HT_HG-U133A	DMSO	Prestwick Chemical	466	Naringenine [480-41-1]	EXPT02295	480-41-1	DB03467	1	darkgreen
1596	0.137712952006044	0.00321	0.0168947368421053	preeclampsia_vs_PretermControls	cmap	lisinopril	9e-06	6	HL60	HT_HG-U133A	DMSO	Prestwick Chemical	301	Lisinopril [83915-83-7]	C0065374	83915-83-7	DB00722	1	darkgreen
4110	0.137958571915423	0.00317	0.0168294168842472	preeclampsia_vs_PretermControls	cmap	digoxin	5.2e-06	6	MCF7	HT_HG-U133A	DMSO	Prestwick Chemical	437	Digoxin [20830-75-5]	BIOD00046	20830-75-5	DB00390	1	darkgreen
2762	0.13824939946698	0.00307	0.0164271929824561	preeclampsia_vs_PretermControls	cmap	mebendazole	1.36e-05	6	PC3	HT_HG-U133A	DMSO	Prestwick Chemical	217	Mebendazole [31431-39-7]	C0025023	31431-39-7	DB00643	1	darkgreen
5286	0.138432962365714	0.003	0.0161375661375661	preeclampsia_vs_PretermControls	cmap	chlorprothixene	1.14e-05	6	PC3	HT_HG-U133A	DMSO	Prestwick Chemical	348	Chlorprothixene hydrochloride [6469-93-8]	C0304384	6469-93-8	DB01239	1	darkgreen
3277	0.138867195844474	0.00293	0.0159012455516014	preeclampsia_vs_PretermControls	cmap	flumetasone	9.8e-06	6	PC3	HT_HG-U133A	DMSO	Prestwick Chemical	734	Flumethasone [2135-17-3]	NULL	2135-17-3	DB00663	1	darkgreen
1014	0.139084333283323	0.00286	0.0156046511627907	preeclampsia_vs_PretermControls	cmap	berberine	1.08e-05	6	HL60	HG-U133A	DMSO	Prestwick Chemical	586	Berberine chloride [633-65-8]	EXPT00672	633-65-8	DB04115	1	darkgreen
1654	0.139537527476476	0.00271	0.0148793879387939	preeclampsia_vs_PretermControls	cmap	menadione	2.32e-05	6	HL60	HT_HG-U133A	DMSO	Prestwick Chemical	459	Menadione [58-27-5]	C0025270	58-27-5	DB00170	1	darkgreen
3666	0.139549119179599	0.00271	0.0148793879387939	preeclampsia_vs_PretermControls	cmap	clofazimine	8.4e-06	6	PC3	HT_HG-U133A	DMSO	Prestwick Chemical	376	Clofazimine [2030-63-9]	C0008996	2030-63-9	DB00845	1	darkgreen
772	0.140114670095161	0.00254	0.0141368613138686	preeclampsia_vs_PretermControls	cmap	loperamide	7.8e-06	6	MCF7	HT_HG-U133A	DMSO	Prestwick Chemical	144	Loperamide hydrochloride [34552-83-5]	C0023992	34552-83-5	DB00836	1	darkgreen
3038	0.140282625593619	0.0025	0.0140552995391705	preeclampsia_vs_PretermControls	cmap	fluvoxamine	9.2e-06	6	PC3	HT_HG-U133A	DMSO	Prestwick Chemical	995	Fluvoxamine maleate [61718-82-9]	C0085228	61718-82-9	DB00176	1	darkgreen
2199	0.141094210407958	0.00225	0.0129725897920605	preeclampsia_vs_PretermControls	cmap	rolitetracycline	7.6e-06	6	HL60	HT_HG-U133A	DMSO	Prestwick Chemical	849	Rolitetracycline [751-97-3]	C0035823	751-97-3	DB01301	1	darkgreen
3279	0.141646016875533	0.00215	0.0125622605363985	preeclampsia_vs_PretermControls	cmap	fenoprofen	7.2e-06	6	PC3	HT_HG-U133A	DMSO	Prestwick Chemical	754	Fenoprofen calcium salt dihydrate [53746-45-5]	C0015837	53746-45-5	DB00573	1	darkgreen
4112	0.142080250354292	0.00206	0.0121645692158761	preeclampsia_vs_PretermControls	cmap	ioversol	5e-06	6	MCF7	HT_HG-U133A	DMSO	Prestwick Chemical	878	Ioversol [87771-40-2]	C0063828	87771-40-2	DB09134	1	darkgreen
3389	0.142214879706273	0.00201	0.0118923375363725	preeclampsia_vs_PretermControls	cmap	cefixime	8.8e-06	6	MCF7	HT_HG-U133A	DMSO	Prestwick Chemical	462	Cefixime [79350-37-1]	C0060400	79350-37-1	DB00671	1	darkgreen
3641	0.143113774884489	0.00177	0.010690099009901	preeclampsia_vs_PretermControls	cmap	amiodarone	5.8e-06	6	PC3	HT_HG-U133A	DMSO	Prestwick Chemical	409	Amiodarone hydrochloride [19774-82-4]	C0700442	19774-82-4	DB01118	1	darkgreen
2886	0.1432797018349	0.00174	0.0105402184707051	preeclampsia_vs_PretermControls	cmap	tolbutamide	1.48e-05	6	PC3	HT_HG-U133A	DMSO	Prestwick Chemical	190	Tolbutamide [64-77-7]	C0040374	64-77-7	DB01124	1	darkgreen
1003	0.143391810163672	0.00172	0.0104606181455633	preeclampsia_vs_PretermControls	cmap	riboflavin	1.06e-05	6	HL60	HG-U133A	DMSO	Prestwick Chemical	634	Riboflavine [83-88-5]	EXPT02760	83-88-5	DB00140	1	darkgreen
1303	0.143428613821086	0.00171	0.0104205794205794	preeclampsia_vs_PretermControls	cmap	nocodazole	1.32e-05	6	PC3	HT_HG-U133A	DMSO	Prestwick Chemical	100	Nocodazole [31430-18-9]	NULL	31430-18-9	DB08313	1	darkgreen
2202	0.144254067280232	0.00156	0.00974002047082907	preeclampsia_vs_PretermControls	cmap	capsaicin	1.3e-05	6	HL60	HT_HG-U133A	DMSO	Prestwick Chemical	879	Capsaicin [404-86-4]	C0006931	404-86-4	DB06774	1	darkgreen
172	0.144282052963485	0.00155	0.0096974358974359	preeclampsia_vs_PretermControls	cmap	deferoxamine	1e-04	6	PC3	HG-U133A	medium	Sigma-Aldrich	D-9533	deferoxamine mesylate salt	C0011145	NULL	DB00746	1	darkgreen
3727	0.146331962862833	0.00131	0.00851011714589989	preeclampsia_vs_PretermControls	cmap	lomefloxacin	1.04e-05	6	MCF7	HT_HG-U133A	DMSO	Prestwick Chemical	238	Lomefloxacin hydrochloride [98079-52-8]	C0770927	98079-52-8	DB00978	1	darkgreen
1925	0.14691626749809	0.00123	0.00808512931034483	preeclampsia_vs_PretermControls	cmap	dacarbazine	2.2e-05	6	MCF7	HT_HG-U133A	DMSO	Prestwick Chemical	574	Dacarbazine [4342-03-4]	C0010927	4342-03-4	DB00851	1	darkgreen
3169	0.148056684090652	0.00113	0.00755811403508772	preeclampsia_vs_PretermControls	cmap	trimipramine	9.8e-06	6	MCF7	HT_HG-U133A	DMSO	Prestwick Chemical	806	Trimipramine maleate salt [521-78-8]	C0041056	521-78-8	DB00726	1	darkgreen
1848	0.149046491340501	0.00098	0.006671875	preeclampsia_vs_PretermControls	cmap	chlorpromazine	1e-06	6	HL60	HT_HG-U133A	DMSO	Sigma-Aldrich	C0982	chlorpromazine hydrochloride	C0008286	NULL	DB00477	1	darkgreen
5242	0.149600284957182	0.00091	0.00626523702031603	preeclampsia_vs_PretermControls	cmap	clomifene	6.6e-06	6	PC3	HT_HG-U133A	DMSO	Prestwick Chemical	397	Clomiphene citrate (Z,E) [50-41-9]	APRD00880	50-41-9	DB00882	1	darkgreen
5209	0.149689292677587	0.00091	0.00626523702031603	preeclampsia_vs_PretermControls	cmap	miconazole	9.6e-06	6	PC3	HT_HG-U133A	DMSO	Prestwick Chemical	67	Miconazole [22916-47-8]	MMS_579	22916-47-8	DB01110	1	darkgreen
4956	0.149749403938066	0.00091	0.00626523702031603	preeclampsia_vs_PretermControls	cmap	aminophylline	9.6e-06	6	PC3	HT_HG-U133A	DMSO	Prestwick Chemical	820	Aminophylline [317-34-0]	C1271551	317-34-0	DB01223	1	darkgreen
3474	0.149985998878585	9e-04	0.00626523702031603	preeclampsia_vs_PretermControls	cmap	sertaconazole	8e-06	6	PC3	HT_HG-U133A	DMSO	Prestwick Chemical	1045	Sertaconazole nitrate [99592-39-9]	C0074391	99592-39-9	DB01153	1	darkgreen
682	0.150440186646292	0.00085	0.00604312354312354	preeclampsia_vs_PretermControls	cmap	hyoscyamine	1.38e-05	6	HL60	HG-U133A	DMSO	Prestwick Chemical	233	Hyoscyamine (L) [101-31-5]	C0004261	101-31-5	DB00424	1	darkgreen
3225	0.151298221071001	0.00074	0.00534834123222749	preeclampsia_vs_PretermControls	cmap	scopolamine	1.18e-05	6	PC3	HT_HG-U133A	DMSO	Prestwick Chemical	877	Scopolamine hydrochloride [55-16-3]	C0036442	55-16-3	DB00747	1	darkgreen
4926	0.152363539986905	0.00066	0.00492176039119804	preeclampsia_vs_PretermControls	cmap	azlocillin	8.2e-06	6	MCF7	HT_HG-U133A	DMSO	Prestwick Chemical	821	Azlocillin sodium salt [37091-65-9]	C0701436	37091-65-9	DB01061	1	darkgreen
1774	0.152547682470795	0.00065	0.00485906862745098	preeclampsia_vs_PretermControls	cmap	dicoumarol	1.18e-05	6	HL60	HT_HG-U133A	DMSO	Prestwick Chemical	785	Dicumarol [66-76-2]	NULL	66-76-2	DB00266	1	darkgreen
5917	0.153228612231366	6e-04	0.00455790784557908	preeclampsia_vs_PretermControls	cmap	pentolonium	7.4e-06	6	PC3	HT_HG-U133A	DMSO	Prestwick Chemical	188	Pentolinium bitartrate [52-62-0]	NULL	52-62-0	DB01090	1	darkgreen
4128	0.153308719179731	6e-04	0.00455790784557908	preeclampsia_vs_PretermControls	cmap	carbachol	2.18e-05	6	MCF7	HT_HG-U133A	DMSO	Prestwick Chemical	880	Carbachol [51-83-2]	C0006945	51-83-2	DB00411	1	darkgreen
3470	0.154153671539488	0.00056	0.00434605597964377	preeclampsia_vs_PretermControls	cmap	astemizole	8.8e-06	6	PC3	HT_HG-U133A	DMSO	Prestwick Chemical	136	Astemizole [68844-77-9]	C0085170	68844-77-9	DB00637	1	darkgreen
1876	0.155624368873164	0.00046	0.0037313829787234	preeclampsia_vs_PretermControls	cmap	ribostamycin	7.2e-06	6	HL60	HT_HG-U133A	DMSO	Prestwick Chemical	758	Ribostamycin sulfate salt [53797-35-6]	NULL	53797-35-6	DB03615	1	darkgreen
4809	0.156406063653023	0.00041	0.00338430311231394	preeclampsia_vs_PretermControls	cmap	oxprenolol	1.32e-05	6	HL60	HT_HG-U133A	DMSO	Prestwick Chemical	1057	Oxprenolol hydrochloride [6452-73-9]	C0030040	6452-73-9	DB01580	1	darkgreen
2160	0.156706412960716	0.00038	0.00316666666666667	preeclampsia_vs_PretermControls	cmap	roxithromycin	4.8e-06	6	HL60	HT_HG-U133A	DMSO	Prestwick Chemical	854	Roxithromycin [80214-83-1]	C0035891	80214-83-1	DB00778	1	darkgreen
3267	0.157594047627327	0.00035	0.00296940194714882	preeclampsia_vs_PretermControls	cmap	zuclopenthixol	9.2e-06	6	PC3	HT_HG-U133A	DMSO	Prestwick Chemical	998	Zuclopenthixol hydrochloride [633-59-0]	C0350505	633-59-0	DB01624	1	darkgreen
5982	0.157787836064173	0.00034	0.00292112676056338	preeclampsia_vs_PretermControls	cmap	perhexiline	1.02e-05	6	MCF7	HT_HG-U133A	DMSO	Prestwick Chemical	286	Perhexiline maleate [6724-53-4]	C0070413	6724-53-4	DB01074	1	darkgreen
3960	0.160653263677133	0.00025	0.00222627737226277	preeclampsia_vs_PretermControls	cmap	rimexolone	1.08e-05	6	PC3	HT_HG-U133A	DMSO	Prestwick Chemical	1020	Rimexolone [49697-38-3]	C0140594	49697-38-3	DB00896	1	darkgreen
2200	0.16148173925888	0.00024	0.0021981981981982	preeclampsia_vs_PretermControls	cmap	fluvastatin	9.2e-06	6	HL60	HT_HG-U133A	DMSO	Prestwick Chemical	859	Fluvastatin sodium salt [93957-55-2]	C0082608	93957-55-2	DB01095	1	darkgreen
3056	0.161723716061563	0.00023	0.00214525993883792	preeclampsia_vs_PretermControls	cmap	brompheniramine	9.2e-06	6	PC3	HT_HG-U133A	DMSO	Prestwick Chemical	475	Brompheniramine maleate [980-71-2]	C1330620	980-71-2	DB00835	1	darkgreen
2364	0.161746112887954	0.00023	0.00214525993883792	preeclampsia_vs_PretermControls	cmap	colchicine	1e-05	6	MCF7	HT_HG-U133A	DMSO	Prestwick Chemical	363	Colchicine [64-86-8]	C0009262	64-86-8	DB01394	1	darkgreen
2169	0.162630311442568	0.00022	0.00206779661016949	preeclampsia_vs_PretermControls	cmap	beclometasone	7.6e-06	6	HL60	HT_HG-U133A	DMSO	Prestwick Chemical	855	Beclomethasone dipropionate [5534-09-8]	NULL	5534-09-8	DB00394	1	darkgreen
2387	0.162894809268461	2e-04	0.00193037974683544	preeclampsia_vs_PretermControls	cmap	maprotiline	1.28e-05	6	MCF7	HT_HG-U133A	DMSO	Prestwick Chemical	346	Maprotiline hydrochloride [10347-81-6]	C0771589	10347-81-6	DB00934	1	darkgreen
5419	0.163150571918073	0.00018	0.00175399361022364	preeclampsia_vs_PretermControls	cmap	clomipramine	1.14e-05	6	MCF7	HT_HG-U133A	DMSO	Prestwick Chemical	269	Clomipramine hydrochloride [17321-77-6]	C0282107	17321-77-6	DB01242	1	darkgreen
3647	0.164004507847749	0.00017	0.00166720257234727	preeclampsia_vs_PretermControls	cmap	clioquinol	1.3e-05	6	PC3	HT_HG-U133A	DMSO	Prestwick Chemical	886	Clioquinol [130-26-7]	C0021978	130-26-7	DB04815	1	darkgreen
2750	0.164260767284637	0.00017	0.00166720257234727	preeclampsia_vs_PretermControls	cmap	diphenylpyraline	1.26e-05	6	MCF7	HT_HG-U133A	DMSO	Prestwick Chemical	707	Diphenylpyraline hydrochloride [132-18-3]	C0700485	132-18-3	DB01146	1	darkgreen
1687	0.165307373879786	0.00014	0.00143771043771044	preeclampsia_vs_PretermControls	cmap	betahistine	1.72e-05	6	HL60	HT_HG-U133A	DMSO	Prestwick Chemical	543	Betahistine mesylate [54856-23-4]	C0005301	54856-23-4	DB06698	1	darkgreen
2993	0.166972066645007	0.00012	0.00124914675767918	preeclampsia_vs_PretermControls	cmap	promazine	1.24e-05	6	MCF7	HT_HG-U133A	DMSO	Prestwick Chemical	693	Promazine hydrochloride [53-60-1]	C0546875	53-60-1	DB00420	1	darkgreen
4803	0.170957997960523	7e-05	0.000807183364839319	preeclampsia_vs_PretermControls	cmap	cycloserine	3.92e-05	6	HL60	HT_HG-U133A	DMSO	Prestwick Chemical	1086	D-cycloserine [68-41-7]	C0010590	68-41-7	DB00260	1	darkgreen
2211	0.17232822006749	6e-05	0.000742393509127789	preeclampsia_vs_PretermControls	cmap	nicotinic acid	3.24e-05	6	HL60	HT_HG-U133A	DMSO	Prestwick Chemical	881	Niacin [59-67-6]	C0772043	59-67-6	DB00627	1	darkgreen
5731	0.172405967276291	6e-05	0.000742393509127789	preeclampsia_vs_PretermControls	cmap	fendiline	1.14e-05	6	MCF7	HT_HG-U133A	DMSO	Prestwick Chemical	270	Fendiline hydrochloride [13636-18-5]	C0015824	13636-18-5	DB08980	1	darkgreen
4819	0.173420531092094	4e-05	0.000512605042016807	preeclampsia_vs_PretermControls	cmap	benzylpenicillin	1.12e-05	6	HL60	HT_HG-U133A	DMSO	Prestwick Chemical	1078	Benzylpenicillin sodium [69-57-8]	NULL	69-57-8	DB01053	1	darkgreen
4683	0.173819244280571	4e-05	0.000512605042016807	preeclampsia_vs_PretermControls	cmap	nortriptyline	1.34e-05	6	MCF7	HT_HG-U133A	DMSO	Prestwick Chemical	254	Nortriptyline hydrochloride [894-71-3]	C0028420	894-71-3	DB00540	1	darkgreen
2198	0.174616877652223	4e-05	0.000512605042016807	preeclampsia_vs_PretermControls	cmap	ganciclovir	1.56e-05	6	HL60	HT_HG-U133A	DMSO	Prestwick Chemical	839	Ganciclovir [82410-32-0]	C0017066	82410-32-0	DB01004	1	darkgreen
558	0.174804332051291	4e-05	0.000512605042016807	preeclampsia_vs_PretermControls	cmap	dextromethorphan	1.08e-05	6	HL60	HT_HG-U133A	DMSO	Prestwick Chemical	359	Dextromethorphan hydrobromide monohydrate [6700-34-1]	C0872890	6700-34-1	DB00514	1	darkgreen
4910	0.177088352954775	4e-05	0.000512605042016807	preeclampsia_vs_PretermControls	cmap	saquinavir	5.2e-06	6	MCF7	HT_HG-U133A	DMSO	Prestwick Chemical	1114	Saquinavir mesylate [149845-06-7]	C0286737	149845-06-7	DB01232	1	darkgreen
1699	0.177995527920935	3e-05	0.000434679334916865	preeclampsia_vs_PretermControls	cmap	terconazole	7.6e-06	6	HL60	HT_HG-U133A	DMSO	Prestwick Chemical	495	Terconazole [67915-31-5]	C0076115	67915-31-5	DB00251	1	darkgreen
1884	0.178705850928711	3e-05	0.000434679334916865	preeclampsia_vs_PretermControls	cmap	zomepirac	1.28e-05	6	HL60	HT_HG-U133A	DMSO	Prestwick Chemical	779	Zomepirac sodium salt [64092-48-4]	C0149477	64092-48-4	DB04828	1	darkgreen
5940	0.179198291316721	3e-05	0.000434679334916865	preeclampsia_vs_PretermControls	cmap	levomepromazine	9e-06	6	PC3	HT_HG-U133A	DMSO	Prestwick Chemical	797	Methotrimeprazine maleat salt [7104-38-3]	C0607673	7104-38-3	DB01403	1	darkgreen
2078	0.180420056825841	2e-05	0.000301980198019802	preeclampsia_vs_PretermControls	cmap	etofenamate	1.08e-05	6	HL60	HT_HG-U133A	DMSO	Prestwick Chemical	1014	Etofenamate [30544-47-9]	C0059868	30544-47-9	DB08984	1	darkgreen
2244	0.182047697540009	2e-05	0.000301980198019802	preeclampsia_vs_PretermControls	cmap	aminohippuric acid	2.06e-05	6	HL60	HT_HG-U133A	DMSO	Prestwick Chemical	895	Aminohippuric acid [61-78-9]	MMS_753	61-78-9	DB00345	1	darkgreen
2152	0.182205510298235	2e-05	0.000301980198019802	preeclampsia_vs_PretermControls	cmap	liothyronine	6.2e-06	6	HL60	HT_HG-U133A	DMSO	Prestwick Chemical	853	Liothyronine [6893-02-3]	C0041014	6893-02-3	DB00279	1	darkgreen
1893	0.18293972049423	2e-05	0.000301980198019802	preeclampsia_vs_PretermControls	cmap	cinoxacin	1.52e-05	6	HL60	HT_HG-U133A	DMSO	Prestwick Chemical	780	Cinoxacin [28657-80-9]	C0008806	28657-80-9	DB00827	1	darkgreen
3966	0.18297573757179	2e-05	0.000301980198019802	preeclampsia_vs_PretermControls	cmap	sulfadiazine	1.6e-05	6	PC3	HT_HG-U133A	DMSO	Prestwick Chemical	23	Sulfadiazine [68-35-9]	C0723509	68-35-9	DB00359	1	darkgreen
1072	0.183486890280556	2e-05	0.000301980198019802	preeclampsia_vs_PretermControls	cmap	sulfaphenazole	1.28e-05	6	HL60	HT_HG-U133A	DMSO	Prestwick Chemical	21	Sulfaphenazole [526-08-9]	NULL	526-08-9	DB06729	1	darkgreen
1688	0.185346323658236	2e-05	0.000301980198019802	preeclampsia_vs_PretermControls	cmap	pentamidine	6.8e-06	6	HL60	HT_HG-U133A	DMSO	Prestwick Chemical	553	Pentamidine isethionate [140-64-7]	C0030863	140-64-7	DB00738	1	darkgreen
3058	0.186688477284071	2e-05	0.000301980198019802	preeclampsia_vs_PretermControls	cmap	trihexyphenidyl	1.18e-05	6	PC3	HT_HG-U133A	DMSO	Prestwick Chemical	701	Trihexyphenidyl-D,L Hydrochloride [58947-95-8]	C0041009	58947-95-8	DB00376	1	darkgreen
1696	0.188542321804888	1e-05	0.000204697986577181	preeclampsia_vs_PretermControls	cmap	tobramycin	8.6e-06	6	HL60	HT_HG-U133A	DMSO	Prestwick Chemical	544	Tobramycin [32986-56-4]	C0027519	32986-56-4	DB00684	1	darkgreen
5417	0.189577585090553	1e-05	0.000204697986577181	preeclampsia_vs_PretermControls	cmap	terfenadine	8.4e-06	6	MCF7	HT_HG-U133A	DMSO	Prestwick Chemical	138	Terfenadine [50679-08-8]	C0085173	50679-08-8	DB00342	1	darkgreen
2273	0.189882405483737	1e-05	0.000204697986577181	preeclampsia_vs_PretermControls	cmap	ursodeoxycholic acid	1.02e-05	6	HL60	HT_HG-U133A	DMSO	Prestwick Chemical	958	Urosiol [128-13-2]	NULL	128-13-2	DB01586	1	darkgreen
2268	0.190208504931939	1e-05	0.000204697986577181	preeclampsia_vs_PretermControls	cmap	promethazine	1.24e-05	6	HL60	HT_HG-U133A	DMSO	Prestwick Chemical	888	Promethazine hydrochloride [58-33-3]	C0772132	58-33-3	DB01069	1	darkgreen
2089	0.190692085946848	1e-05	0.000204697986577181	preeclampsia_vs_PretermControls	cmap	sotalol	1.3e-05	6	HL60	HT_HG-U133A	DMSO	Prestwick Chemical	966	Sotalol hydrochloride [959-24-0]	C0037707	959-24-0	DB00489	1	darkgreen
2242	0.192309004335628	1e-05	0.000204697986577181	preeclampsia_vs_PretermControls	cmap	tyloxapol	4e-06	6	HL60	HT_HG-U133A	DMSO	Prestwick Chemical	954	Tyloxapol [25301-02-4]	C0077539	25301-02-4	DB06439	1	darkgreen
1693	0.192819163469841	1e-05	0.000204697986577181	preeclampsia_vs_PretermControls	cmap	pyrazinamide	3.24e-05	6	HL60	HT_HG-U133A	DMSO	Prestwick Chemical	514	Pyrazinamide [ 98-96-4]	C0034239	 98-96-4	DB00339	1	darkgreen
1904	0.193620895336525	1e-05	0.000204697986577181	preeclampsia_vs_PretermControls	cmap	methazolamide	1.7e-05	6	HL60	HT_HG-U133A	DMSO	Prestwick Chemical	802	Methazolamide [554-57-4]	C0025631	554-57-4	DB00703	1	darkgreen
1683	0.194842578047765	1e-05	0.000204697986577181	preeclampsia_vs_PretermControls	cmap	cetirizine	8.6e-06	6	HL60	HT_HG-U133A	DMSO	Prestwick Chemical	503	Cetirizine dihydrochloride [83881-52-1]	C0055147	83881-52-1	DB00341	1	darkgreen
4790	0.196378023323169	0	0	preeclampsia_vs_PretermControls	cmap	natamycin	6e-06	6	HL60	HT_HG-U133A	DMSO	Prestwick Chemical	1104	Natamycin [7681-93-8]	C0027444	7681-93-8	DB00826	1	darkgreen
1087	0.200938944512504	0	0	preeclampsia_vs_PretermControls	cmap	hydroflumethiazide	1.2e-05	6	HL60	HT_HG-U133A	DMSO	Prestwick Chemical	13	Hydroflumethiazide [135-09-1]	C0020273	135-09-1	DB00774	1	darkgreen
856	0.202136864232343	0	0	preeclampsia_vs_PretermControls	cmap	methyldopa	1.9e-05	6	HL60	HG-U133A	DMSO	Prestwick Chemical	326	Methyldopa (L,-) [555-30-6]	C0304527	555-30-6	DB00968	1	darkgreen
1085	0.202521832972831	0	0	preeclampsia_vs_PretermControls	cmap	imipramine	1.26e-05	6	HL60	HT_HG-U133A	DMSO	Prestwick Chemical	72	Imipramine hydrochloride [113-52-0]	C0020934	113-52-0	DB00458	1	darkgreen
823	0.204162762746651	0	0	preeclampsia_vs_PretermControls	cmap	terbutaline	7.2e-06	6	HL60	HG-U133A	DMSO	Prestwick Chemical	391	Terbutaline hemisulfate [23031-32-5]	C0039542	23031-32-5	DB00871	1	darkgreen
5695	0.204738456402445	0	0	preeclampsia_vs_PretermControls	cmap	naproxen	1.58e-05	6	PC3	HT_HG-U133A	DMSO	Prestwick Chemical	791	(R) -Naproxen sodium salt [26159-34-2]	C0546873	26159-34-2	DB00788	1	darkgreen
2468	0.20677536703472	0	0	preeclampsia_vs_PretermControls	cmap	ciclopirox	1.5e-05	6	MCF7	HT_HG-U133A	DMSO	Prestwick Chemical	541	Ciclopirox ethanolamine [41621-49-2]	C0126169	41621-49-2	DB01188	1	darkgreen
1073	0.207113844765899	0	0	preeclampsia_vs_PretermControls	cmap	chloramphenicol	1.24e-05	6	HL60	HT_HG-U133A	DMSO	Prestwick Chemical	31	Chloramphenicol [56-75-7]	C0055337	56-75-7	DB00446	1	darkgreen
2124	0.208024662838755	0	0	preeclampsia_vs_PretermControls	cmap	lymecycline	6.6e-06	6	HL60	HT_HG-U133A	DMSO	Prestwick Chemical	1000	Lymecycline [992-21-2]	C0024200	992-21-2	DB00256	1	darkgreen
4826	0.209346820776704	0	0	preeclampsia_vs_PretermControls	cmap	mesalazine	2.62e-05	6	HL60	HT_HG-U133A	DMSO	Prestwick Chemical	1069	Mesalamine [89-57-6]	NULL	89-57-6	DB00244	1	darkgreen
1225	0.211115176486992	0	0	preeclampsia_vs_PretermControls	cmap	niclosamide	1.22e-05	6	HL60	HG-U133A	DMSO	Prestwick Chemical	40	Niclosamide [50-65-7]	C0028017	50-65-7	DB06803	1	darkgreen
1731	0.212843913411965	0	0	preeclampsia_vs_PretermControls	cmap	cefalotin	9.6e-06	6	HL60	HT_HG-U133A	DMSO	Prestwick Chemical	719	Cephalothin sodium salt [58-71-9]	NULL	58-71-9	DB00456	1	darkgreen
1069	0.21527891624862	0	0	preeclampsia_vs_PretermControls	cmap	8-azaguanine	2.62e-05	6	HL60	HT_HG-U133A	DMSO	Prestwick Chemical	1	Azaguanine-8 [134-58-7]	EXPT00603	134-58-7	DB01667	1	darkgreen
2171	0.219017323303529	0	0	preeclampsia_vs_PretermControls	cmap	reserpine	6.6e-06	6	HL60	HT_HG-U133A	DMSO	Prestwick Chemical	875	Reserpine [50-55-5]	C0035179	50-55-5	DB00206	1	darkgreen
4799	0.22062356076586	0	0	preeclampsia_vs_PretermControls	cmap	repaglinide	8.8e-06	6	HL60	HT_HG-U133A	DMSO	Prestwick Chemical	1046	Repaglinide [135062-02-1]	C0246689	135062-02-1	DB00912	1	darkgreen
2238	0.221368700281943	0	0	preeclampsia_vs_PretermControls	cmap	metyrapone	1.76e-05	6	HL60	HT_HG-U133A	DMSO	Prestwick Chemical	904	Metyrapone [54-36-4]	C0025876	54-36-4	DB01011	1	darkgreen
1604	0.223103274457417	0	0	preeclampsia_vs_PretermControls	cmap	trazodone	9.8e-06	6	HL60	HT_HG-U133A	DMSO	Prestwick Chemical	292	Trazodone hydrochloride [25332-39-2]	C0040805	25332-39-2	DB00656	1	darkgreen
1074	0.223648043105238	0	0	preeclampsia_vs_PretermControls	cmap	procaine	1.46e-05	6	HL60	HT_HG-U133A	DMSO	Prestwick Chemical	41	Procaine hydrochloride [51-05-8]	C0033218	51-05-8	DB00721	1	darkgreen
954	0.22459405027686	0	0	preeclampsia_vs_PretermControls	cmap	triflusal	1.62e-05	6	HL60	HG-U133A	DMSO	Prestwick Chemical	528	Triflusal [322-79-2]	C0077126	322-79-2	DB08814	1	darkgreen
2119	0.224879247572615	0	0	preeclampsia_vs_PretermControls	cmap	levocabastine	8.8e-06	6	HL60	HT_HG-U133A	DMSO	Prestwick Chemical	1039	Levocabastine hydrochloride [79547-78-7]	C0064870	79547-78-7	DB01106	1	darkgreen
1588	0.225452664286725	0	0	preeclampsia_vs_PretermControls	cmap	phentolamine	1.26e-05	6	HL60	HT_HG-U133A	DMSO	Prestwick Chemical	230	Phentolamine hydrochloride [73-05-2]	C0733398	73-05-2	DB00692	1	darkgreen
4828	0.23336863834913	0	0	preeclampsia_vs_PretermControls	cmap	acetylsalicylic acid	1e-04	6	HL60	HT_HG-U133A	DMSO	Sigma-Aldrich	A2093	aspirin, USP	EXPT00475	NULL	DB00945	1	darkgreen
957	0.237213647673827	0	0	preeclampsia_vs_PretermControls	cmap	gliclazide	1.24e-05	6	HL60	HG-U133A	DMSO	Prestwick Chemical	558	Gliclazide [21187-98-4]	C0017631	21187-98-4	DB01120	1	darkgreen
676	0.237288993744123	0	0	preeclampsia_vs_PretermControls	cmap	pargyline	2.04e-05	6	HL60	HG-U133A	DMSO	Prestwick Chemical	183	Pargyline hydrochloride [306-07-0]	C0282289	306-07-0	DB01626	1	darkgreen
1773	0.238279214983369	0	0	preeclampsia_vs_PretermControls	cmap	sulfadimidine	1.34e-05	6	HL60	HT_HG-U133A	DMSO	Prestwick Chemical	775	Sulfamethazine sodium salt [1981-58-4]	NULL	1981-58-4	DB01582	1	darkgreen
1758	0.241886552995114	0	0	preeclampsia_vs_PretermControls	cmap	medrysone	1.16e-05	6	HL60	HT_HG-U133A	DMSO	Prestwick Chemical	743	Medrysone [2668-66-8]	C0065865	2668-66-8	DB00253	1	darkgreen
2087	0.245038958058237	0	0	preeclampsia_vs_PretermControls	cmap	letrozole	1.4e-05	6	HL60	HT_HG-U133A	DMSO	Prestwick Chemical	1025	Letrozole [112809-51-5]	C0246421	112809-51-5	DB01006	1	darkgreen
2266	0.248475111454226	0	0	preeclampsia_vs_PretermControls	cmap	prazosin	9.6e-06	6	HL60	HT_HG-U133A	DMSO	Prestwick Chemical	947	Prazosin hydrochloride [19237-84-4]	C0700578	19237-84-4	DB00457	1	darkgreen
789	0.248500737397914	0	0	preeclampsia_vs_PretermControls	cmap	labetalol	1.1e-05	6	HL60	HG-U133A	DMSO	Prestwick Chemical	277	Labetalol hydrochloride [32780-64-6]	C0699440	32780-64-6	DB00598	1	darkgreen
2292	0.253381382598734	0	0	preeclampsia_vs_PretermControls	cmap	remoxipride	9.8e-06	6	HL60	HT_HG-U133A	DMSO	Prestwick Chemical	971	Remoxipride Hydrochloride [73220-03-8]	C0771022	73220-03-8	DB00409	1	darkgreen
600	0.254610682714883	0	0	preeclampsia_vs_PretermControls	cmap	ginkgolide A	9.8e-06	6	HL60	HT_HG-U133A	DMSO	Prestwick Chemical	444	Ginkgolide A [15291-75-5]	NULL	15291-75-5	DB06743	1	darkgreen
2116	0.26457747745331	0	0	preeclampsia_vs_PretermControls	cmap	pivampicillin	8.6e-06	6	HL60	HT_HG-U133A	DMSO	Prestwick Chemical	1009	Pivampicillin [33817-20-8]	C0085884	33817-20-8	DB01604	1	darkgreen
961	0.265175816329133	0	0	preeclampsia_vs_PretermControls	cmap	imipenem	1.34e-05	6	HL60	HG-U133A	DMSO	Prestwick Chemical	519	Imipenem [74431-23-5]	MMS_109	74431-23-5	DB01598	1	darkgreen
2136	0.267466585259792	0	0	preeclampsia_vs_PretermControls	cmap	iopanoic acid	7e-06	6	HL60	HT_HG-U133A	DMSO	Prestwick Chemical	1052	Iopanoic acid [96-83-3]	C0022028	96-83-3	DB08946	1	darkgreen
2255	0.269593414389145	0	0	preeclampsia_vs_PretermControls	cmap	nitrendipine	1.1e-05	6	HL60	HT_HG-U133A	DMSO	Prestwick Chemical	916	Nitrendipine [39562-70-4]	C0028127	39562-70-4	DB01054	1	darkgreen
2196	0.284161784075716	0	0	preeclampsia_vs_PretermControls	cmap	latamoxef	7e-06	6	HL60	HT_HG-U133A	DMSO	Prestwick Chemical	819	Moxalactam disodium salt [64953-12-4]	NULL	64953-12-4	DB04570	1	darkgreen
